text,gold,label,binary_label
"Hello gorgeous ,I‚Äôm *name* from call the midwife comment section,I saw your picture and I could not resist telling you how pretty you are",1-RAPPORT,0.0,0
Hi *name*. Where are you from?,8-NO-PERSUASION,0.0,0
I live in *location,1-RAPPORT,0.0,0
"I'm presently at *location*, Working with the United Nations Military for a 2 years contract",1-RAPPORT,0.0,0
You ?,1-RAPPORT,0.0,0
"I live in *location*. I visited the *location* for six months a few years ago, mostly *lists locations* and from there up to *location* to visit my sister who lives there!",8-NO-PERSUASION,0.0,0
Your work sounds interesting,8-NO-PERSUASION,0.0,0
Really thanks for the compliment,8-NO-PERSUASION,0.0,0
Are you married with kids *name* ?,1-RAPPORT,0.0,0
"Not married, single mother. You?",8-NO-PERSUASION,0.0,0
What happen to your husband?,1-RAPPORT,0.0,0
Never married as I got pregnant and my boyfriend did not want the baby but I did... so chose to become single mother,8-NO-PERSUASION,0.0,0
Oh I‚Äôm sorry about that *name*.,3-EMOTION,0.0,0
"I also have a 5 year old daughter, I can‚Äôt believe I‚Äôm about to tell you this tho",1-RAPPORT,0.0,0
"I a widower. I lost my wife and my first daughter *child‚Äôs name* through Polycystic Kidney Disease, my wife died at the age of 47. I was emotionally devastated and lost full focus, but I stood firm because I have to be strong for *child‚Äôs name*... Right now, she's the apple of my eyes and the Light of my life... I have so much delight in her",3-EMOTION,0.0,0
"So sorry to hear this. Love the name *child‚Äôs name*! Thank you for sharing! If you are in *location*, who takes care of your daughter? Is she living in *location*?",8-NO-PERSUASION,0.0,0
Yes She‚Äôs with her nanny in *location,1-RAPPORT,0.0,0
Have you ever been in any online dating before ?,1-RAPPORT,0.0,0
Nope!!!,8-NO-PERSUASION,0.0,0
Really,8-NO-PERSUASION,0.0,0
,8-NO-PERSUASION,0.0,0
What do you do?,1-RAPPORT,0.0,0
"I used to be in the music biz first at *company name* records and later as a Party Planner. Earned enough to retire from that early, so basically stay at home now.",8-NO-PERSUASION,0.0,0
"I never did online dating cause I was afraid of being catfished! I had a relationship that lasted 11 yrs with another guy, but that ended pretty badly... so I'm alone now.",8-NO-PERSUASION,0.0,0
What happened between you two ?,1-RAPPORT,0.0,0
He cheated on me!,8-NO-PERSUASION,0.0,0
I was visiting my sister in *location* for my niece's wedding... I stayed there for 6 months as I was considering immigrating there,8-NO-PERSUASION,0.0,0
"He found someone else while I was away, but later I found out he'd been cheating even before I left.",8-NO-PERSUASION,0.0,0
"Oh no,I‚Äôm so sorry bout that",1-RAPPORT,0.0,0
"Real men actually don‚Äôt cheat ,he his a disgrace to mankind and I always hate men who cheat on their wife",1-RAPPORT,0.0,0
But are you fully over him now ?,1-RAPPORT,0.0,0
"Yes, after 11 years it was a shock! This happened about 5 years ago. Totally over him now!",8-NO-PERSUASION,0.0,0
"Do you mind if I ask you something personal? Oh, well, I'll ask and you don't have to answer if you dont want to ...",8-NO-PERSUASION,0.0,0
I checked your photos and noticed a tatoo just below your neck. Are those crosses? Any special meaning?,8-NO-PERSUASION,0.0,0
Oh year it‚Äôs a cross,8-NO-PERSUASION,0.0,0
"‚úù,I had that 6 years ago,",8-NO-PERSUASION,0.0,0
Do you believe in Christ ?,1-RAPPORT,0.0,0
"Yes, but I tolerant of other religions. Grew up as a Christian but now have expanded views.",8-NO-PERSUASION,0.0,0
"Same here pretty,my traveling experience showed me allot about religions and what to believe in",1-RAPPORT,0.0,0
But I‚Äôm a strong believer of Christ,1-RAPPORT,0.0,0
Is that your grandson on your profile?,1-RAPPORT,0.0,0
,8-NO-PERSUASION,0.0,0
Good to know!,8-NO-PERSUASION,0.0,0
Yes!,8-NO-PERSUASION,0.0,0
He‚Äôs so adorable,1-RAPPORT,0.0,0
How old his he now?,1-RAPPORT,0.0,0
Just over a year!,8-NO-PERSUASION,0.0,0
Love him to bits!,8-NO-PERSUASION,0.0,0
My son *child‚Äôs name* married 2 yrs ago,8-NO-PERSUASION,0.0,0
How old are you if you dont mind my asking?,8-NO-PERSUASION,0.0,0
"Also, what kind of Christian faith were you brought up in?",8-NO-PERSUASION,0.0,0
"And finally, why did you choose the military as a profession and where have your travels led you?",8-NO-PERSUASION,0.0,0
I have to go out now but will check your answers when I get back! Enjoying out chat!,8-NO-PERSUASION,0.0,0
"*age* years , you?",1-RAPPORT,0.0,0
Catholic you?,1-RAPPORT,0.0,0
"My dad was with the marine,so growing up with a military father gave me much courage to be willing to save lives serve and protect my country and the world",1-RAPPORT,0.0,0
"It‚Äôs a nice job tho,Choosing to step into the same shoes my dad wore...",1-RAPPORT,0.0,0
*lists counties* currently in *location* and so more,1-RAPPORT,0.0,0
"I can‚Äôt tell you all tho,some are classified informations that should not be compromise",5-AUTHORITY,0.0,0
I‚Äôm also enjoying this conversation and where it‚Äôs leading,1-RAPPORT,0.0,0
Are you still busy?,1-RAPPORT,0.0,0
"Yes, putting the shopping away and need to do some cooking... what time is it there? I'll be able to talk to you later if you are around?",8-NO-PERSUASION,0.0,0
,8-NO-PERSUASION,0.0,0
Alright I will be on this end waiting whenever you ready Gorgeous,1-RAPPORT,0.0,0
Just,8-NO-PERSUASION,0.0,0
"Ok, I thought there would be more of a time difference. Here its pm... Talk in a while then.",8-NO-PERSUASION,0.0,0
Alright pretty,1-RAPPORT,0.0,0
Take your time,1-RAPPORT,0.0,0
"Hi, is this a good time for you?",8-NO-PERSUASION,0.0,0
Tks for answering my questions.,8-NO-PERSUASION,0.0,0
You dont look *age* at all!!! It must be all that military training!,8-NO-PERSUASION,0.0,0
Do you work out a lot?,8-NO-PERSUASION,0.0,0
"Ok, I'm 2 yrs older than you. *age*.",8-NO-PERSUASION,0.0,0
I was brought up Presbyterian by my *nationality* parents but switched to the Anglican Church when I was a teenager as I liked the Pastor who was *nationality* and his progressive ideas about leading the Youth Group.,8-NO-PERSUASION,0.0,0
I‚Äôm here now,8-NO-PERSUASION,0.0,0
Yes it‚Äôs a good time,8-NO-PERSUASION,0.0,0
"Glad you enjoy your job. Actually I applied for a job with the UN Headquarters for *location* and *location* many years ago and was selected in the top 5 out of 180 applicants, which meant a lot to me, but I didnt get the job in the end :(",3-EMOTION,0.0,0
Yes my job make me work out allot,1-RAPPORT,0.0,0
Ha Ha,8-NO-PERSUASION,0.0,0
I‚Äôm sorry about the UN job,8-NO-PERSUASION,0.0,0
"Well, that's life! I did enjoy most of the jobs I ever did",8-NO-PERSUASION,0.0,0
You did ?,1-RAPPORT,0.0,0
"Yes, I worked at quite a lot of different things, so when you asked me before I just mentioned the one I did for the longest time.",8-NO-PERSUASION,0.0,0
,8-NO-PERSUASION,0.0,0
Alright *name,8-NO-PERSUASION,0.0,0
Do you feel I look younger or older ?,1-RAPPORT,0.0,0
And if I may ask,8-NO-PERSUASION,0.0,0
How do you normally spend your leisure time?,1-RAPPORT,0.0,0
I meant you look good.,8-NO-PERSUASION,0.0,0
"To be honest, a lot of guys have seen and liked my profile picture and asked to chat with me, but you are the first I've accepted so far... so I'm new at this!!!!",8-NO-PERSUASION,0.0,0
"I dont work currently, I live alone, visit my grandson and go out with my other sister, my 3 nieces and some friends.",8-NO-PERSUASION,0.0,0
Thanks for the complement,8-NO-PERSUASION,0.0,0
"I love watching movies almost every day, I read, go for walks, gardening, etc.",8-NO-PERSUASION,0.0,0
"If a lot of guys have asked you for a chat and you only gave me the chance,then I‚Äôm starting to see the bond from God",1-RAPPORT,0.0,0
Can I keep asking questions or you get bored with them?,1-RAPPORT,0.0,0
"Well, maybe... You must chat with many people?",8-NO-PERSUASION,0.0,0
"Ask me anything, I dont mind!",8-NO-PERSUASION,0.0,0
Since your last break up did you try to get yourself a new man ?,1-RAPPORT,0.0,0
To make you happy and care for you,1-RAPPORT,0.0,0
Love you and always check up on you,1-RAPPORT,0.0,0
"No, not really. It takes me quite a while to get over a relationship. But my last one has been over for since . How about you?",8-NO-PERSUASION,0.0,0
"At first I wanted to be and spend the rest of my life making my daughter happy,just me and her get her the best of the best,always love her for the rest of my life..just her",3-EMOTION,0.0,0
"But I felt I needed someone to wake her up with kiss,a woman that will love me and my girl",3-EMOTION,0.0,0
"Someone I can love care stay with,spend the rest of my life with",3-EMOTION,0.0,0
,8-NO-PERSUASION,0.0,0
Build a new family with my daughter and make a perfect family together,3-EMOTION,0.0,0
And I hate it whenever I leave my little princess alone at home with her nanny missing her dad,3-EMOTION,0.0,0
I discussed with her and she agreed I can get a soul mate for my self,3-EMOTION,0.0,0
Let me stop here though before I start crying,8-NO-PERSUASION,0.0,0
Whoa! Those were quite emotional words! How often do you get to see your little girl?,8-NO-PERSUASION,0.0,0
I quite understand you must feel lonely without her.,8-NO-PERSUASION,0.0,0
Do you have any other family living in *location*?,8-NO-PERSUASION,0.0,0
"Just 2weeks break 3times in a year,till my contract ends",1-RAPPORT,0.0,0
I always make those days with her count,3-EMOTION,0.0,0
Cause I might not get to see her in months,3-EMOTION,0.0,0
I don‚Äôt currently have any family living in *location,1-RAPPORT,0.0,0
Just me my friends from work my girl and her nanny,1-RAPPORT,0.0,0
So *child‚Äôs name* doesn't have any grandparents? Aunts or Uncles?,8-NO-PERSUASION,0.0,0
"She does,but not in *location",1-RAPPORT,0.0,0
Where were you born?,1-RAPPORT,0.0,0
"Unfortunately my both parents are dead too and I the only child my parents gave birth to, so you see my dear *child‚Äôs name*is the apple of my eyes and the only close family I have at the moment,she get to see some of my relatives whenever she‚Äôs on break from school,but I do much cherish her that I always want her to be with me always cause my parents were not there for me,but my job is asking for too much and I‚Äôm working on getting back to finally stay at home with her so I can see her grow up and take good care of her with my great family",1-RAPPORT,0.0,0
"I was born and raised up in *location*, well my father is a *nationality* , from *location* and my mother is from *location*, where i live.",8-NO-PERSUASION,0.0,0
I was wondering because *child‚Äôs name* is a Spanish sounding name!,8-NO-PERSUASION,0.0,0
So do you speak Portuguese?,8-NO-PERSUASION,0.0,0
Do you speak any other languages?,8-NO-PERSUASION,0.0,0
,8-NO-PERSUASION,0.0,0
"I speak fluent English and Spanish and ""Spanglish"" and I understand a little French, but very little Portuguese unless it is spoken very slowly",8-NO-PERSUASION,0.0,0
What school does *child‚Äôs name* go to? If she is *age* yrs old she must be headed for 1st grade?,8-NO-PERSUASION,0.0,0
"Yes from my grandmas name I picked,her great grandma",1-RAPPORT,0.0,0
"My name also comes from my Grandma on my morher""s side.",1-RAPPORT,0.0,0
"Yes I speak little Portuguese and I ones worked in *location* at the United nation head quarter in *location*,but I prefer speaking English more",1-RAPPORT,0.0,0
Holla mi amor,1-RAPPORT,0.0,0
Really it‚Äôs cool you have your name from your grandma,8-NO-PERSUASION,0.0,0
Yes English is what I call my Mother tongue and Spanish my Native tongue. But I prefer English!,8-NO-PERSUASION,0.0,0
We starting to have so much in common,8-NO-PERSUASION,0.0,0
So much,1-RAPPORT,0.0,0
Actually I should clarify my first name is *name* and my middle name is *name,8-NO-PERSUASION,0.0,0
But I love being called *name,8-NO-PERSUASION,0.0,0
I prefer *name* also tho,8-NO-PERSUASION,0.0,0
Apparently we do have things in common... my father went to school in *location* for a while... before that he went to school in *location,1-RAPPORT,0.0,0
Woo I left *location* 8month ago for *location,1-RAPPORT,0.0,0
What‚Äôs your time down there?,8-NO-PERSUASION,0.0,0
Now it's pm. Do you have to be up very early?,8-NO-PERSUASION,0.0,0
Is it getting near your bedtime?,8-NO-PERSUASION,0.0,0
Yes dear,1-RAPPORT,0.0,0
,8-NO-PERSUASION,0.0,0
,8-NO-PERSUASION,0.0,0
Pm,8-NO-PERSUASION,0.0,0
But I think I will break rules for you today,1-RAPPORT,0.0,0
So it‚Äôs all cool,1-RAPPORT,0.0,0
"Ok, we can talk again soon. What is the best time for you?",8-NO-PERSUASION,0.0,0
I‚Äôm still here with you,1-RAPPORT,0.0,0
More questions?,8-NO-PERSUASION,0.0,0
Get to know each other enough tho,1-RAPPORT,0.0,0
Busy?,8-NO-PERSUASION,0.0,0
"Well, I could ask you a million things but not sure what! Ok, so what is your daily routine like?",8-NO-PERSUASION,0.0,0
"No, can keep on a little while. But not too long!",8-NO-PERSUASION,0.0,0
Can I ask then I answer the same question too,8-NO-PERSUASION,0.0,0
My daily routines are,1-RAPPORT,0.0,0
I wake up everyday by and resume to my office by my break 12pm-2I leave office around pm,8-NO-PERSUASION,0.0,0
Chat and drinks with friends and I get to play along with my colleagues inside the base,1-RAPPORT,0.0,0
But I might get so many unplanned issues that will make me report to my office anytime any day,1-RAPPORT,0.0,0
I‚Äôm a Military man I‚Äôm always prepared,5-AUTHORITY,0.0,0
Wow! That's something we definitely do not have in common. But glad you are busy... what is your rank by the way if I may ask?,8-NO-PERSUASION,0.0,0
I‚Äôm a General with the UN Military,5-AUTHORITY,0.0,0
I was not expecting that! Congratlations!,8-NO-PERSUASION,0.0,0
"But unfortunately I don‚Äôt want anymore rank,I want to retire very soon so I can take good care of my family",1-RAPPORT,0.0,0
,8-NO-PERSUASION,0.0,0
Together on the beach,8-NO-PERSUASION,0.0,0
üèñ enjoying summer,8-NO-PERSUASION,0.0,0
I want to give more time to what matter more in life,1-RAPPORT,0.0,0
FAMILY,1-RAPPORT,0.0,0
"So, what time does the sun go down for you in *location*?",8-NO-PERSUASION,0.0,0
Dont you have another 14 months contract to fulfill?,8-NO-PERSUASION,0.0,0
"4-5-6 depends,*location* is very cold",1-RAPPORT,0.0,0
I can imagine!!!,8-NO-PERSUASION,0.0,0
"I will not accept the contract,I have to turn it down to be able to take care of my family and get a good freedom",1-RAPPORT,0.0,0
"Oh! I thought the contract was binding. When are you planning on returning home? This is my last question for today So, let's say goodnight now,",8-NO-PERSUASION,0.0,0
My current contract will expire July ,1-RAPPORT,0.0,0
So I think I‚Äôm done after then,8-NO-PERSUASION,0.0,0
"Ok, I get it now. So sweet dreams, talk soon.",8-NO-PERSUASION,0.0,0
,8-NO-PERSUASION,0.0,0
"üòägood night dear, talk to you tomorrow",1-RAPPORT,0.0,0
Lovely! Bye. am,8-NO-PERSUASION,0.0,0
Good morning gorgeous *name*.,1-RAPPORT,0.0,0
Hi! I'm sorry I was not available earlier. How are you,8-NO-PERSUASION,0.0,0
?,8-NO-PERSUASION,0.0,0
I was running errands in the morning and later a friend came to visit... She just left!,8-NO-PERSUASION,0.0,0
,8-NO-PERSUASION,0.0,0
"Raining here, and cloudy. Seems we'll be having bad weather until the weekend.",8-NO-PERSUASION,0.0,0
"Well, if you're not busy, maybe we can talk later. Hope you had a good day!",8-NO-PERSUASION,0.0,0
Hey gorgeous I‚Äôm free now,1-RAPPORT,0.0,0
Was busy with work also,1-RAPPORT,0.0,0
How was your day,8-NO-PERSUASION,0.0,0
Busy too!,1-RAPPORT,0.0,0
Have you had your evening meal yet?,8-NO-PERSUASION,0.0,0
Not yet *name,1-RAPPORT,0.0,0
What time do you usually have it? And do you eat by yourself or with mates on the base?,8-NO-PERSUASION,0.0,0
Yes I eat together with my colleagues sometimes but I have my personal mini apartment and I get to cook by my self or eat junks,1-RAPPORT,0.0,0
Did you eat dinner yet gorgeous,1-RAPPORT,0.0,0
"No, not yet, but I had a late tea. What time do you usually have dinner? You must be getting hungry?",8-NO-PERSUASION,0.0,0
Yes I‚Äôm starving,1-RAPPORT,0.0,0
But I will get my self fixed up latter tho,8-NO-PERSUASION,0.0,0
Can I ask some few questions this night pretty,1-RAPPORT,0.0,0
"No, go get something to eat and then come back and ask me whatever you like!",8-NO-PERSUASION,0.0,0
I wont be going to bed early.,8-NO-PERSUASION,0.0,0
Alright,8-NO-PERSUASION,0.0,0
Do you know about google hangout ?,8-NO-PERSUASION,0.0,0
I've heard about it but dont have it installed on my phone! What are the advantages?,8-NO-PERSUASION,0.0,0
,8-NO-PERSUASION,0.0,0
We can text or communicate with the platform,1-RAPPORT,0.0,0
You can install it in your phone so we can text each other on with the application,1-RAPPORT,0.0,0
"Ok, I'll try now",8-NO-PERSUASION,0.0,0
Alright dear,1-RAPPORT,0.0,0
Let me know when you have it installed,1-RAPPORT,0.0,0
I downloaded it but dont know how to find you on there!,8-NO-PERSUASION,0.0,0
Do you have a gmail account ?,1-RAPPORT,0.0,0
Yes,8-NO-PERSUASION,0.0,0
Add *email address,1-RAPPORT,0.0,0
I will reply you,1-RAPPORT,0.0,0
Pretty,1-RAPPORT,0.0,0
Still busy?,1-RAPPORT,0.0,0
"Sorry, my sister called. Give me ten minutes. Do you need my gmail address?",8-NO-PERSUASION,0.0,0
Do you mean add your gmail to my contacts or in Hangouts?,8-NO-PERSUASION,0.0,0
Yes so I can add you from here,8-NO-PERSUASION,0.0,0
Yes you have to add my gmail to your hangout,8-NO-PERSUASION,0.0,0
Or let me add yours from here,8-NO-PERSUASION,0.0,0
"Ok, mine is *email address",8-NO-PERSUASION,0.0,0
I sent you a text from Hangouts after adding your gmail but you may not see it immediately. At least that is what Hangouts said when I installed it. Said it could take up to 48 hs to work. Let me know if you see my texts or not!,8-NO-PERSUASION,0.0,0
"You may be getting ready for bed now? If so, we could try again tomorrow, or later if you dont mind staying up late. Just in case, have a good night!!",8-NO-PERSUASION,0.0,0
,8-NO-PERSUASION,0.0,0
"Hi, I'm here!",1-RAPPORT,0.0,0
I‚Äôm here,8-NO-PERSUASION,0.0,0
Also,8-NO-PERSUASION,0.0,0
Hangouts keeps sending me a message that you are not accepting my invitation to chat!,8-NO-PERSUASION,0.0,0
I left you a few texts!,8-NO-PERSUASION,0.0,0
I‚Äôm trying to add you from here,8-NO-PERSUASION,0.0,0
"Oh, ok!",8-NO-PERSUASION,0.0,0
Did you get any invite now from me ?,8-NO-PERSUASION,0.0,0
I'll check but I dont think so.Hold on!,8-NO-PERSUASION,0.0,0
Alright,8-NO-PERSUASION,0.0,0
Nope! Nothing so far..,8-NO-PERSUASION,0.0,0
Gorgeous can you resend your email,1-RAPPORT,0.0,0
If you want to talk more tonight lets just stay here...,8-NO-PERSUASION,0.0,0
Ok *email address,8-NO-PERSUASION,0.0,0
I‚Äôm about to sleep *name,1-RAPPORT,0.0,0
Can you recheck again,7-PRESSURE,0.0,0
Do you set any picture for your hangouts display picture,1-RAPPORT,0.0,0
"Yes, I got the invite, so you can talk with me tomorrow on Hangouts or here! Goodnight.",8-NO-PERSUASION,0.0,0
I prefer hangout dear,1-RAPPORT,0.0,0
"No, no picture, remember I'm just learning to use HO",8-NO-PERSUASION,0.0,0
,8-NO-PERSUASION,0.0,0
Talk to you you tomorrow,1-RAPPORT,0.0,0
Ok,8-NO-PERSUASION,0.0,0
Alright pretty,1-RAPPORT,0.0,0
Sweet dreams,1-RAPPORT,0.0,0
Can you reply me with capital VVV,8-NO-PERSUASION,0.0,0
So I can be sure it‚Äôs you,8-NO-PERSUASION,0.0,0
I sent a sticker that says Hi in green!,8-NO-PERSUASION,0.0,0
"Sure I can see the sticker,",8-NO-PERSUASION,0.0,0
Good night gorgeous,1-RAPPORT,0.0,0
Good night !,8-NO-PERSUASION,0.0,0
I had such a wonderful drelast night. You were in it! You are so beautiful and wonderful..good morning *name* pm,1-RAPPORT,0.0,0
Hello *name,1-RAPPORT,0.0,0
"Hi there!, sorry, not at home now, but will be back in aprox 3 hs. So text me then if you can! Then you can tell me about your dream!",8-NO-PERSUASION,0.0,0
Or later is ok too!,8-NO-PERSUASION,0.0,0
Alright dearest I will surely do,1-RAPPORT,0.0,0
I‚Äôm also on break at the moment tho,8-NO-PERSUASION,0.0,0
Thanks for your patience!,8-NO-PERSUASION,0.0,0
But there will always be time for you anytime,1-RAPPORT,0.0,0
You welcome gorgeous,1-RAPPORT,0.0,0
"Ok, bye for now",8-NO-PERSUASION,0.0,0
,8-NO-PERSUASION,0.0,0
"Ok, I'm home now if this is a good time for you...",8-NO-PERSUASION,0.0,0
Hey gorgeous I‚Äôm here now,1-RAPPORT,0.0,0
How has your day been dear,1-RAPPORT,0.0,0
Hectic! One of my cousins was preparing to move apartments so i went over to help pack up her things. Feeling a bit tired. You?,8-NO-PERSUASION,0.0,0
Oh I‚Äôm sorry about your day I think you should get some rest as soon as possible,1-RAPPORT,0.0,0
My day went well,1-RAPPORT,0.0,0
I was busy with some new task here but I have it handled by one of my boys,8-NO-PERSUASION,0.0,0
Did you used drugs already dear,1-RAPPORT,0.0,0
What do you mean drugs?,8-NO-PERSUASION,0.0,0
Prescription or the other kind???,1-RAPPORT,0.0,0
Had some Paracetamol for backache...,8-NO-PERSUASION,0.0,0
Tried some weed when I was a teenager but nothing else.,8-NO-PERSUASION,0.0,0
And never since! You?,8-NO-PERSUASION,0.0,0
Didn't imagine this would come up! Ha ha!,8-NO-PERSUASION,0.0,0
"Ok, I see you are busy. Talk later if you can?",8-NO-PERSUASION,0.0,0
Dear you have stressed your self allot today....I feel you should get some pain killers and get some rest,1-RAPPORT,0.0,0
Paracetamol is good,8-NO-PERSUASION,0.0,0
I'm just laying on my bed resting now..,8-NO-PERSUASION,0.0,0
"Weed haha,before I joined the Military I had to keep my self clear for 3years cause the drug test was a key problem then in getting into the ranger camp",1-RAPPORT,0.0,0
That was the last time I did drugs,1-RAPPORT,0.0,0
,8-NO-PERSUASION,0.0,0
Thank you for telling me that!,8-NO-PERSUASION,0.0,0
Yes I‚Äôm a little bit busy but I will always be here for your ma‚Äô,1-RAPPORT,0.0,0
When did you join the military? How old were you?,8-NO-PERSUASION,0.0,0
Where did you do your training...?,8-NO-PERSUASION,0.0,0
Sorry I have so many questions for you... you could always answer them later or tomorrow if you are busy,8-NO-PERSUASION,0.0,0
So I'll ask anyway...,8-NO-PERSUASION,0.0,0
Can you tell me about your dreor is it too much?,8-NO-PERSUASION,0.0,0
I was 24 when I joined the ranger,1-RAPPORT,0.0,0
My dad influenced me like have said,1-RAPPORT,0.0,0
Lol I will always answer you pretty,1-RAPPORT,0.0,0
Cause you beginning to mean allot to my life,1-RAPPORT,0.0,0
"Also, what does the *name* stand for in your name *Instagrusername",8-NO-PERSUASION,0.0,0
"Oh I that is my Military stages name,I so much loved it I had to add it together with my *initials* which stands for *name* for my username",1-RAPPORT,0.0,0
Before I tell you about my dream,2-NEGOTIATE,0.0,0
Do you believe in distance relationship?,1-RAPPORT,0.0,0
"Well, I had not considered it til now. I mean, so far I like you a lot, but I feel we've only just begun to know each other...",8-NO-PERSUASION,0.0,0
"You've told me what you're looking for. You've been very clear. I honestly not sure yet, but not because I don't like you because I do, and I also fantazise about you...Sometimes",8-NO-PERSUASION,0.0,0
I can't sleep thinking about you,8-NO-PERSUASION,0.0,0
So I wont be shocked by your dre!!!,8-NO-PERSUASION,0.0,0
Aww you are so sweet,1-RAPPORT,0.0,0
,8-NO-PERSUASION,0.0,0
"I have spent my last 3days going to bed thinking about you,thinking about how to love and care for you for the rest of my life and also get loved back,,,I was not surprised after I had dreams of you",1-RAPPORT,0.0,0
You were in a white gown with roses,3-EMOTION,0.0,0
üåπ all around you just smiling at me,8-NO-PERSUASION,0.0,0
I woke up feeling like a teenager that got his first kiss,1-RAPPORT,0.0,0
I‚Äôm really into you,1-RAPPORT,0.0,0
"I want to love care cherish you,call you my woman make you my family and be everything to you *name",1-RAPPORT,0.0,0
"I want you to be my life,",1-RAPPORT,0.0,0
I want you to be the reason why I wake up and smile,1-RAPPORT,0.0,0
üòä cause I know truly I‚Äôm in love with you,1-RAPPORT,0.0,0
I want you as my woman honey,1-RAPPORT,0.0,0
Please don‚Äôt turn me down,2-NEGOTIATE,0.0,0
My daughter will be so happy to have a new mother like you,3-EMOTION,0.0,0
You are the perfect woman for my life and for my daughter,1-RAPPORT,0.0,0
You are so romantic!!!!,8-NO-PERSUASION,0.0,0
The only thing I worry about is that we really need to get to know each other a lot more,8-NO-PERSUASION,0.0,0
I'm afraid that you are falling in love with a fantasy and not the real me... and I doing the same because we are both so lonely!,8-NO-PERSUASION,0.0,0
How long is it since you've been with a woman.?,8-NO-PERSUASION,0.0,0
"I haven't been with any man for quite a few years now, so all your words are so welcome and flattering.",8-NO-PERSUASION,0.0,0
And that was a lovely dream!,8-NO-PERSUASION,0.0,0
I also get butterflies thinking of you.,8-NO-PERSUASION,0.0,0
,8-NO-PERSUASION,0.0,0
To be sincere since my wife died,1-RAPPORT,0.0,0
How long ago was that?,8-NO-PERSUASION,0.0,0
"I loved her so much I would not replace her with anyone, but now I found love I found you I found a new soul mate",1-RAPPORT,0.0,0
9years,1-RAPPORT,0.0,0
How old was *child‚Äôs name* when she died?,8-NO-PERSUASION,0.0,0
I was going to send 4years * that was a typo *child‚Äôs name* was just 1 year plus,1-RAPPORT,0.0,0
She never got to know her mom,3-EMOTION,0.0,0
I lost my first daughter 9 years ago,3-EMOTION,0.0,0
*child‚Äôs name,8-NO-PERSUASION,0.0,0
So first *child‚Äôs name* died at age?? And then your wife?,8-NO-PERSUASION,0.0,0
"Yes it was *child‚Äôs name* then my wife, it was a bad experience for me,can we have a pause on this topic for now dear",3-EMOTION,0.0,0
Are you still feeling stressed?,1-RAPPORT,0.0,0
"Its fine, i know this must be sad for you.",8-NO-PERSUASION,0.0,0
"No, i feel better now.",8-NO-PERSUASION,0.0,0
The paracetamol worked,8-NO-PERSUASION,0.0,0
Yes! So do you feel like talking about something else or asking me anything??,8-NO-PERSUASION,0.0,0
Can I ask a question?,1-RAPPORT,0.0,0
Sure!,8-NO-PERSUASION,0.0,0
Pls don‚Äôt be shy to answer gorgeous,1-RAPPORT,0.0,0
"Honey are you going to be my life , my wife ,my love , the mother of my kid ,my everything...",1-RAPPORT,0.0,0
,8-NO-PERSUASION,0.0,0
Let us stop living fantasy,1-RAPPORT,0.0,0
Let us make it real honey,1-RAPPORT,0.0,0
Let me have a reason to life,7-PRESSURE,0.0,0
Pls be my reason to live,7-PRESSURE,0.0,0
"I want you to be everything,I want to stop living in fantasy with you I want to love you in the real world and get loved back",1-RAPPORT,0.0,0
I‚Äôm in love with you,1-RAPPORT,0.0,0
Please be my woman,1-RAPPORT,0.0,0
"There's no one else in my life. I'm not shy, I just had not considered having another partner till I started talking to you. But there are practical things to consider!!! For example I'd have to meet *child‚Äôs name* and you in person. I'd have to know what you'd expect from me? For example, where would we live? Would we get married? Remember I have family in *location* that are important to me! I think you are rushing things a little but that is because you are romantic and you are so nice.",8-NO-PERSUASION,0.0,0
It would be goo,8-NO-PERSUASION,0.0,0
"Sorry, good to talk much more before making such an important commitment to each other!",8-NO-PERSUASION,0.0,0
Yes but I just want you to have that in mind,8-NO-PERSUASION,0.0,0
Because I will actually leave Instagrsoon and talk only to you,3-EMOTION,0.0,0
I already do have all that in mind !!! Why do you think I'm having trouble sleeping at night!!!,8-NO-PERSUASION,0.0,0
I'm imagining all the possible scenarios!,8-NO-PERSUASION,0.0,0
What do you mean you will leave Instagram? For tonight? Or what?,8-NO-PERSUASION,0.0,0
Last question: is the gmail account you gave me your private email.?,8-NO-PERSUASION,0.0,0
I just wanna leave here for some months and focus fully on you my love,1-RAPPORT,0.0,0
And about your family I will make proper arrangements to come over and show them who is about to steal your heart away,3-EMOTION,0.0,0
Yes shy did you ask ?,8-NO-PERSUASION,0.0,0
Just wondering as it would be another way to communicate. dont use my gmail much. I have,8-NO-PERSUASION,0.0,0
,8-NO-PERSUASION,0.0,0
Anorher email I use more *email address,8-NO-PERSUASION,0.0,0
Alright honey,1-RAPPORT,0.0,0
I will save that up right away,8-NO-PERSUASION,0.0,0
Babe do I have your assurance,3-EMOTION,0.0,0
Can I tell my daughter that you will soon be home for her for us for the family,3-EMOTION,0.0,0
Should I allow my heart to be in anxious for you,3-EMOTION,0.0,0
For yours,8-NO-PERSUASION,0.0,0
"I think that's premature, telling your daughter I mean.",8-NO-PERSUASION,0.0,0
But we can definitely keep on getting to know each other,8-NO-PERSUASION,0.0,0
Will you still talk to me on Instagror not?,8-NO-PERSUASION,0.0,0
"Yes I will but not for long dear,I prefer the google hangouts",1-RAPPORT,0.0,0
Ok. Do you have to go now?,8-NO-PERSUASION,0.0,0
"Also, do you ever use Whatsapp?",8-NO-PERSUASION,0.0,0
"I used to,my job made me stop using WhatsApp",1-RAPPORT,0.0,0
Can I take some minutes off dear,1-RAPPORT,0.0,0
Sure! I'll go get some dinner for myself!,8-NO-PERSUASION,0.0,0
What are you eating for dinner honey?,1-RAPPORT,0.0,0
"Not sure yet, probably some veggies or salad with chicken..",8-NO-PERSUASION,0.0,0
Yummy,1-RAPPORT,0.0,0
I wish I can sit and share the dinner with you tonight dear,1-RAPPORT,0.0,0
,8-NO-PERSUASION,0.0,0
Enjoy your dinner,1-RAPPORT,0.0,0
Brb,8-NO-PERSUASION,0.0,0
What's Brb?,8-NO-PERSUASION,0.0,0
It would be lovely to have dinner together. Are you going to have yours now too?,8-NO-PERSUASION,0.0,0
"Ok, bye have a nice evening!",8-NO-PERSUASION,0.0,0
Be right back,8-NO-PERSUASION,0.0,0
We use it more here in *location,8-NO-PERSUASION,0.0,0
Nope dear,1-RAPPORT,0.0,0
Duty call,5-AUTHORITY,0.0,0
"Ok, let me have my dinner first... I' m warming it up. Was just re-reading our chat! *heart gifs",8-NO-PERSUASION,0.0,0
Busy ?,8-NO-PERSUASION,0.0,0
"Sorry, i lay down on my bed after eating and closed my eyes for a moment!",8-NO-PERSUASION,0.0,0
But those beautiful hearts just woke me up! Than you so much!,8-NO-PERSUASION,0.0,0
"It,'s been a long long time since any guy has been so loving to me!",8-NO-PERSUASION,0.0,0
Are you getting ready for bed too? Do you want to say goodnight or chat some more?,8-NO-PERSUASION,0.0,0
"Just in √ßase, goodnight, and dreof me...‚ô°",8-NO-PERSUASION,0.0,0
"Haha would love to stay here to crack jokes, tell you more about me and make you feel secured in my arms ,but unfortunately bed calls",1-RAPPORT,0.0,0
"Goodnight, my love",1-RAPPORT,0.0,0
"Pleasant dreams and sleep tight, my love",1-RAPPORT,0.0,0
May tomorrow be sunny and bright,1-RAPPORT,0.0,0
,8-NO-PERSUASION,0.0,0
And bring you closer to me‚Ä¶,1-RAPPORT,0.0,0
Same!,8-NO-PERSUASION,0.0,0
Have a good rest. I will too,1-RAPPORT,0.0,0
Kiss!,1-RAPPORT,0.0,0
"Ok, talk more so√≥n Bye. pm",8-NO-PERSUASION,0.0,0
Knock knock,8-NO-PERSUASION,0.0,0
"Hi, how are you doing today?",8-NO-PERSUASION,0.0,0
I'll be going out to the ATM in a few minutes. Its a lovely day so I think I'll walk there and back. Its about 15 blocks away so should be back in an hour or maybe a bit longer.,8-NO-PERSUASION,0.0,0
Thanks for the flowers!,8-NO-PERSUASION,0.0,0
Hope to talk to you later! Bye for now.,8-NO-PERSUASION,0.0,0
I'll let you know when I'm back...,8-NO-PERSUASION,0.0,0
I'm back! Wondering what you are up to? Do you go out with your buddies evenings? Or on the weekends? Or do you have to work on weekends as well?,8-NO-PERSUASION,0.0,0
"So, let me know if you have time to chat...",8-NO-PERSUASION,0.0,0
Hello my life,1-RAPPORT,0.0,0
Hello! What are you up to?,8-NO-PERSUASION,0.0,0
I‚Äôm sorry honey about not being able to reply you since noon,1-RAPPORT,0.0,0
My job has been tight today,1-RAPPORT,0.0,0
I‚Äôm having so much to fix up here in base,5-AUTHORITY,0.0,0
No worries...,8-NO-PERSUASION,0.0,0
Are you still busy now?,8-NO-PERSUASION,0.0,0
,8-NO-PERSUASION,0.0,0
"I‚Äôm still busy tho honey ,but I don‚Äôt know why",1-RAPPORT,0.0,0
I can‚Äôt stay without you,1-RAPPORT,0.0,0
Or hearing from you,1-RAPPORT,0.0,0
I‚Äôm stopping by to check up on you,1-RAPPORT,0.0,0
Cause I can‚Äôt do without you,1-RAPPORT,0.0,0
I‚Äôm starting to get stuck to you honey,1-RAPPORT,0.0,0
That's nice of you. If you need to get back to whatever..,8-NO-PERSUASION,0.0,0
I could leave you messages for you to read later!,8-NO-PERSUASION,0.0,0
"I could tell you about my day and plans for weekend, etc.",8-NO-PERSUASION,0.0,0
I'm fine. I had a good night's sleep last night.,8-NO-PERSUASION,0.0,0
"was a lovely spring day, sunny at last after 3 weeks of rain",8-NO-PERSUASION,0.0,0
Tomorrow I will hopefully be having someone over to help with weeding my small garden,8-NO-PERSUASION,0.0,0
"we celebrate Mother's day, but I'm not sure what my family is planning. We might postpone till next weekend.",8-NO-PERSUASION,0.0,0
Beautiful I‚Äôm with you for now till I get call back to the board room,1-RAPPORT,0.0,0
I wish I was there to help you with the weeds,1-RAPPORT,0.0,0
I won‚Äôt like you going through much stress,1-RAPPORT,0.0,0
"That's fine, don't worry about it",8-NO-PERSUASION,0.0,0
Oh it‚Äôs Mother‚Äôs,8-NO-PERSUASION,0.0,0
I will also be celebrating you my love as a blessed mother,1-RAPPORT,0.0,0
I'd like that too! Your help in spirit is appreciated!,8-NO-PERSUASION,0.0,0
,8-NO-PERSUASION,0.0,0
You are the best I‚Äôve ever met in my life,1-RAPPORT,0.0,0
Alright honey,1-RAPPORT,0.0,0
How was your day sweetheart,1-RAPPORT,0.0,0
Board room on a night? No rest for the wicked! Ha ha,8-NO-PERSUASION,0.0,0
"It was fine, not too stressful at all. I will probably watch a movie later.",8-NO-PERSUASION,0.0,0
Do you have to work on weekends too?,8-NO-PERSUASION,0.0,0
"Haha babe, I only rest when I‚Äôm not in the base",1-RAPPORT,0.0,0
I signed for this remember,5-AUTHORITY,0.0,0
To serve and protect,5-AUTHORITY,0.0,0
No matter how when or what,8-NO-PERSUASION,0.0,0
"Ok, I guess.. Being the big brass has its responsibilities!!!!",8-NO-PERSUASION,0.0,0
Are you the top brass over there or are there a lot of other Generals?,8-NO-PERSUASION,0.0,0
Dont answer if that is confidential!!!,8-NO-PERSUASION,0.0,0
"We are 8 generals controlling the base under the UN Order, so to us are assigned departments to take care of,and yes I do have few boss that I also work under their commands but they are not stationed generals",1-RAPPORT,0.0,0
This is just the little I can discuss though honey,8-NO-PERSUASION,0.0,0
I understand!,8-NO-PERSUASION,0.0,0
"Yes I work weekends also babe,but I can wish to sit right on my couch through out any day I feel like",1-RAPPORT,0.0,0
Did you enjoy your day ?,1-RAPPORT,0.0,0
What are your plans for the weekend apart from the celebrati,1-RAPPORT,0.0,0
"Yes my day was ok, nothing to write home about",8-NO-PERSUASION,0.0,0
,8-NO-PERSUASION,0.0,0
"Just doing chores, and walking to the bank, nothing special except the sun finally was out!",8-NO-PERSUASION,0.0,0
Not sure about's plans because its also my niece's birthday. We might postpone celebrating until the following.,8-NO-PERSUASION,0.0,0
My niece is also my God daughter,8-NO-PERSUASION,0.0,0
She has an *age* year old girl h,8-NO-PERSUASION,0.0,0
Herself!,8-NO-PERSUASION,0.0,0
"Also, never married and is alone now",8-NO-PERSUASION,0.0,0
"She is a *occupation* and I'm very proud of her as she is also President of an ONG called *name* and she travels a lot giving lectures, or has articles written about her in magazines, been on Tv and Radio shows.",8-NO-PERSUASION,0.0,0
She is my eldest niece. Her name is *name* and her daughter is called *name*.,8-NO-PERSUASION,0.0,0
"My second niece in *location* is called *name*, and she has a little boy nearly *age* yrs old called *name",8-NO-PERSUASION,0.0,0
Also unmarried!,8-NO-PERSUASION,0.0,0
My youngest niece is called *name* and she is still single with no kids.,8-NO-PERSUASION,0.0,0
The only one who is properly married is my son *child‚Äôs name*! His wife is called *name* and their baby is *grandchild‚Äôs name* or *nickname*.,8-NO-PERSUASION,0.0,0
"So we have a lot of mothers to get together, also my sister *name",8-NO-PERSUASION,0.0,0
Too many names to remember???,8-NO-PERSUASION,0.0,0
"Wow I love it that you are able to share so much with me,I‚Äôm beginning to feel welcome into your life honey ....I can‚Äôt wait to meet all your family",1-RAPPORT,0.0,0
Before stealing you away to the *location,8-NO-PERSUASION,0.0,0
"Ok, if you enjoy that I tell you about my family, I have plenty more!",8-NO-PERSUASION,0.0,0
These may seem like some silly questions for you... how t,8-NO-PERSUASION,0.0,0
how tall are you? how much do you weigh? any health issues?,8-NO-PERSUASION,0.0,0
Babe can we continue this in 1hr I‚Äôm about to go in with my te,1-RAPPORT,0.0,0
,8-NO-PERSUASION,0.0,0
Sure,8-NO-PERSUASION,0.0,0
That was me earlier,8-NO-PERSUASION,0.0,0
So much to do my live,1-RAPPORT,0.0,0
Love it!,8-NO-PERSUASION,0.0,0
My love,1-RAPPORT,0.0,0
Do you want me to go or you want me to stay here with you and get someone to fix it up?,8-NO-PERSUASION,0.0,0
I‚Äôm actually going to follow your reply tho honey,1-RAPPORT,0.0,0
If you need to be there thats ok...I'll be up later as I dont usually go to bed very early,8-NO-PERSUASION,0.0,0
Aww you so sweet dear,1-RAPPORT,0.0,0
Can I get some selfie from you now dear before heading in,2-NEGOTIATE,0.0,0
Duty comes first,5-AUTHORITY,0.0,0
So I can smile seeing you,7-PRESSURE,0.0,0
I'll check to see if I can send you a picture. You can see it when you get back.,8-NO-PERSUASION,0.0,0
Not such a great pic!!!,8-NO-PERSUASION,0.0,0
I'm not great at taking good selfies as this phone is new and I haven't figured out the camera yet.,8-NO-PERSUASION,0.0,0
My love you look perfect,1-RAPPORT,0.0,0
I will forever keep loving you,1-RAPPORT,0.0,0
I will be right back my love,1-RAPPORT,0.0,0
"Ok, talk later. Bye",8-NO-PERSUASION,0.0,0
You are my assurance *name,1-RAPPORT,0.0,0
,8-NO-PERSUASION,0.0,0
Kisses,1-RAPPORT,0.0,0
Thanks!,8-NO-PERSUASION,0.0,0
Over!,8-NO-PERSUASION,0.0,0
Yes darling,1-RAPPORT,0.0,0
Not for long honey,1-RAPPORT,0.0,0
But I‚Äôm here for some minutes I‚Äôm stressed out I need to get some rest soon my love,1-RAPPORT,0.0,0
Go to bed as soon as you have finished whatever you need to do... Rest and relax...,8-NO-PERSUASION,0.0,0
We can talk tomorrow anytime...,8-NO-PERSUASION,0.0,0
"Aww honey you so sweet,I wonder why God has kept you away from me for so long",1-RAPPORT,0.0,0
But yet I thank God for bringing you into my life,1-RAPPORT,0.0,0
You are joy to my life,1-RAPPORT,0.0,0
"All in His good time! Goodnight, my strong soldier!",8-NO-PERSUASION,0.0,0
"Good night, sweetheart, and may angels guard you as you sleep. Goodnight my love, goodnight my dear. It's just the night, though shall not fear, feel the warmth of my embrace and thank God for His grace.",1-RAPPORT,0.0,0
*I love you gif,1-RAPPORT,0.0,0
You are making it impossible for me not to love you back!,8-NO-PERSUASION,0.0,0
What you brought tears to my eyes!,8-NO-PERSUASION,0.0,0
Talk tomorrow ok?,8-NO-PERSUASION,0.0,0
Good night my life am,1-RAPPORT,0.0,0
"Every day I waking up happy, because I know I starting my day by wishing good morning to you. For my beautiful lady,I send lovely good morning wishes with gifts for you to make your day enjoyable. I wish your morning and day is as brighter and fresh as the sun shining out. Have a good morning.",1-RAPPORT,0.0,0
"Thank you, slept in this morning! Couldnt sleep last night. Need to have brunch now and work with gardners. Have a good day! Talk later maybe?",8-NO-PERSUASION,0.0,0
,8-NO-PERSUASION,0.0,0
Hey honey it‚Äôs me again haha,1-RAPPORT,0.0,0
Why were you not able to sleep last night,1-RAPPORT,0.0,0
Guess I was thinking of you!,8-NO-PERSUASION,0.0,0
What are you up to?,8-NO-PERSUASION,0.0,0
Let me know if you will be available later!,8-NO-PERSUASION,0.0,0
I‚Äôm always available for you my love,1-RAPPORT,0.0,0
You were on my mind all day,1-RAPPORT,0.0,0
You‚Äôve been all all have been thinking about,1-RAPPORT,0.0,0
You are all over my mind *name,1-RAPPORT,0.0,0
"Ok, I did something a bit impulsive last night! Check your gmail I sent you some pictures quite randomly! Check spfolder! Subject line is Surprise from *name*!",8-NO-PERSUASION,0.0,0
Really babe,1-RAPPORT,0.0,0
You do ?,8-NO-PERSUASION,0.0,0
"Yeah, I could not sleep!",8-NO-PERSUASION,0.0,0
Ha ha!,8-NO-PERSUASION,0.0,0
Yeah yeah I‚Äôm heading to check my mail my love,1-RAPPORT,0.0,0
Ok,8-NO-PERSUASION,0.0,0
Babe I did not get anything,1-RAPPORT,0.0,0
is your email *email address* or *name* with a capital,8-NO-PERSUASION,0.0,0
"Ahh! Ok, I'll resend it then.",8-NO-PERSUASION,0.0,0
My email is *email address* honey,1-RAPPORT,0.0,0
,8-NO-PERSUASION,0.0,0
We can continue here honey,1-RAPPORT,0.0,0
"Ok, do i have to use *name* or *name* to resend the email?",8-NO-PERSUASION,0.0,0
"OK, Resent to both *name* and *name*. Hopefully you'll get it now.",8-NO-PERSUASION,0.0,0
If you still dont get it I'll resend again later tonight.,8-NO-PERSUASION,0.0,0
Do you know a General *name*?,8-NO-PERSUASION,0.0,0
"He just sent me a request to chat which I have not accepted so far, but I thought it was a bit of a coincidence!",8-NO-PERSUASION,0.0,0
Not planning to accept... just wondering where this guy is coming from,8-NO-PERSUASION,0.0,0
It‚Äôs alright babe,1-RAPPORT,0.0,0
I love,1-RAPPORT,0.0,0
No I don‚Äôt know any general carter,8-NO-PERSUASION,0.0,0
Can I see his profile honey,2-NEGOTIATE,0.0,0
"Funny, his picture is like yours, in uniform!",8-NO-PERSUASION,0.0,0
Hold on,8-NO-PERSUASION,0.0,0
Alright babe,1-RAPPORT,0.0,0
Can I have his Instagrusername,2-NEGOTIATE,0.0,0
"Thats what I was looking for but his request seems to have dissapeared! I dont remember it now. Dont worry, its not important!",8-NO-PERSUASION,0.0,0
How have you been today?,8-NO-PERSUASION,0.0,0
"I think his fake my love,Instagrblocked his profile cause someone might have report his account ,I‚Äôve experience so much female here also with fake account",1-RAPPORT,0.0,0
"A fake account can‚Äôt last more than 2days on Instagrbabe,I‚Äôm so happy you did not reply him",1-RAPPORT,0.0,0
I told you I dont talk to strangers and i dont do internet dating! I thought you might have mentioned me to some of your buddies???,8-NO-PERSUASION,0.0,0
,8-NO-PERSUASION,0.0,0
So have you?,8-NO-PERSUASION,0.0,0
"No my love,I only mentioned about you with my daughter and her nanny alone",1-RAPPORT,0.0,0
I would never risk compromising you here in base,8-NO-PERSUASION,0.0,0
"Ok, I havent told anyone either! do you have any pictures of *child‚Äôs name*?",8-NO-PERSUASION,0.0,0
Wow! So cute!!!,8-NO-PERSUASION,0.0,0
You are so cute too babe,1-RAPPORT,0.0,0
I got the mail,8-NO-PERSUASION,0.0,0
‚Äù Really?,8-NO-PERSUASION,0.0,0
Yes my love,1-RAPPORT,0.0,0
Can you see the pictures?,8-NO-PERSUASION,0.0,0
"Wow honey I‚Äôm so happy to be part of your life,I‚Äôm so happy to see your past pictures,I‚Äôm so happy that you are part of my life",1-RAPPORT,0.0,0
And I will always appreciate God for bonding us together from above,1-RAPPORT,0.0,0
I love seeing the pictures from your past and your kids and grandchildren,1-RAPPORT,0.0,0
You have such a cute family too my love,1-RAPPORT,0.0,0
Thank you! Which picture did you like best?,8-NO-PERSUASION,0.0,0
Why is she wearing glasses?,8-NO-PERSUASION,0.0,0
Love that hair!,8-NO-PERSUASION,0.0,0
Lovely smile! Awww!,8-NO-PERSUASION,0.0,0
I love everything my love,1-RAPPORT,0.0,0
You look great in those hairs,1-RAPPORT,0.0,0
,8-NO-PERSUASION,0.0,0
You are so beautiful my love,1-RAPPORT,0.0,0
And I love the picture you were on the beach with your son,1-RAPPORT,0.0,0
In your red swimming suit,8-NO-PERSUASION,0.0,0
Then you on the horse with your son,8-NO-PERSUASION,0.0,0
I'd love to share all my pictures with you someday... if you have time send me some of yourself!,8-NO-PERSUASION,0.0,0
I will send them now my love,1-RAPPORT,0.0,0
"Asking again, why is *child‚Äôs name* wearing glasses? Does she need them?",8-NO-PERSUASION,0.0,0
I have to download some of them from my google drive,8-NO-PERSUASION,0.0,0
One minute babe,8-NO-PERSUASION,0.0,0
Ok tak,8-NO-PERSUASION,0.0,0
Take your time,8-NO-PERSUASION,0.0,0
Yes my love she need them cause of her sight,1-RAPPORT,0.0,0
For reading or all day?,8-NO-PERSUASION,0.0,0
Yes babe,8-NO-PERSUASION,0.0,0
She has more passion for her books,1-RAPPORT,0.0,0
She wants to be a medical doctor one at,1-RAPPORT,0.0,0
One day,8-NO-PERSUASION,0.0,0
"Thats wonderful. There are a lot of doxtors in my family, my maternal grandfather, my uncle also on my mothers side and my sister *name* in *location",8-NO-PERSUASION,0.0,0
My mother wanted to be a nurse,8-NO-PERSUASION,0.0,0
"But ended up as a Secretary, but later cares for her parents",8-NO-PERSUASION,0.0,0
,8-NO-PERSUASION,0.0,0
"Another thing in common, both our children wear glasses. Even my grandson wears baby glasses",8-NO-PERSUASION,0.0,0
Wow,8-NO-PERSUASION,0.0,0
Are you serious,1-RAPPORT,0.0,0
We so much have allot in common babe,1-RAPPORT,0.0,0
We have been bond together from above my love,1-RAPPORT,0.0,0
I have the pictures now,8-NO-PERSUASION,0.0,0
Fine!,8-NO-PERSUASION,0.0,0
Yes I'm serious!,8-NO-PERSUASION,0.0,0
I always marvel about how you found me through a Call The Mudwife comment! How likely is that!,8-NO-PERSUASION,0.0,0
Midwife*,8-NO-PERSUASION,0.0,0
Do you even watch that show or like it???,8-NO-PERSUASION,0.0,0
Aww! All the pictures are lovely! I love the one where she's wearing a hat!,8-NO-PERSUASION,0.0,0
So now I have a much better picture of why you love your little princess so much!,8-NO-PERSUASION,0.0,0
How do you communicate with her? Are you able to phone her from the base?,8-NO-PERSUASION,0.0,0
Adorable!!!! Both of you!,8-NO-PERSUASION,0.0,0
Is that the Nanny in the white hat?,8-NO-PERSUASION,0.0,0
Thank you honey,1-RAPPORT,0.0,0
Or was that your wife?,8-NO-PERSUASION,0.0,0
Yes my love,1-RAPPORT,0.0,0
My daughter got her cute face from her,8-NO-PERSUASION,0.0,0
,8-NO-PERSUASION,0.0,0
They are both so pretty!,8-NO-PERSUASION,0.0,0
Thanks honey,1-RAPPORT,0.0,0
You are also pretty my love,1-RAPPORT,0.0,0
Not that much!!!,8-NO-PERSUASION,0.0,0
And no one will occupy your space in my heart,1-RAPPORT,0.0,0
Babe they are so much that I appreciate in you,1-RAPPORT,0.0,0
Allot that‚Äôs making me stick to your butt,1-RAPPORT,0.0,0
Haha,8-NO-PERSUASION,0.0,0
But you really mean everything to me,1-RAPPORT,0.0,0
Lmao,8-NO-PERSUASION,0.0,0
"Ok, lets get serious here ha ha",8-NO-PERSUASION,0.0,0
What have you been doing all day besides hanging out with me? Not so busy? Just chilling?,8-NO-PERSUASION,0.0,0
My gardners didnt show up so I'm a bit frustrated about that! Glad I have you to keep me company!,8-NO-PERSUASION,0.0,0
Are you multitasking?,8-NO-PERSUASION,0.0,0
Yes babe,8-NO-PERSUASION,0.0,0
Did you call your gardeners yet,8-NO-PERSUASION,0.0,0
To confirm why they were not around ?,8-NO-PERSUASION,0.0,0
Its too late now. Sun is going down.,8-NO-PERSUASION,0.0,0
"My day have been free a bit, compared to yesterday",1-RAPPORT,0.0,0
So are you at your appartment now?,8-NO-PERSUASION,0.0,0
,8-NO-PERSUASION,0.0,0
Do you have a house or an appartment in *location*?,8-NO-PERSUASION,0.0,0
Yes babe drinking whisky with a colleague,1-RAPPORT,0.0,0
Going out later?,8-NO-PERSUASION,0.0,0
Just a little apartment that can take me and two of my boys,1-RAPPORT,0.0,0
On the base?,8-NO-PERSUASION,0.0,0
Yes babe I will be heading out soon to confirm some assignments,1-RAPPORT,0.0,0
I can‚Äôt go outside the base babe,8-NO-PERSUASION,0.0,0
Just only during emergency,5-AUTHORITY,0.0,0
Or I have meeting outside the base,8-NO-PERSUASION,0.0,0
And I will be going with my convoy,8-NO-PERSUASION,0.0,0
Surely there are places on base you can go to for recreation?,8-NO-PERSUASION,0.0,0
Yes honey we have officers mess for fun,1-RAPPORT,0.0,0
"Ok, so thats where you meet on a Saturday night?",8-NO-PERSUASION,0.0,0
"Yes babe,but I often stay inside my apartment,my face is too big to always been seen at the mess room",8-NO-PERSUASION,0.0,0
Cmon I have all I need right here inside my apartment,8-NO-PERSUASION,0.0,0
If I need any new stuff all I need to do is to send one of my boys to get it for me,5-AUTHORITY,0.0,0
Ok I understand!,8-NO-PERSUASION,0.0,0
Just dont drink too much!,8-NO-PERSUASION,0.0,0
"Btw, do you drink a lot?",8-NO-PERSUASION,0.0,0
"On average, how much a day?",8-NO-PERSUASION,0.0,0
,8-NO-PERSUASION,0.0,0
Lol babe I drink below average,8-NO-PERSUASION,0.0,0
Trust me,8-NO-PERSUASION,0.0,0
I don‚Äôt drink that much,8-NO-PERSUASION,0.0,0
"Ok, i believe you. You wouldnt have got far with your career if you did!",8-NO-PERSUASION,0.0,0
"Just asked because *child‚Äôs name*'s father was an alcoholic. He's been sober for many years now, but it affected both our lives at the time.",8-NO-PERSUASION,0.0,0
I think its important for us to share life stories so forgive me for bombarding you with questions!,8-NO-PERSUASION,0.0,0
Oh I‚Äôm sorry about that honey,1-RAPPORT,0.0,0
Sure it‚Äôs alright,8-NO-PERSUASION,0.0,0
Can I take 2hrs off babe,8-NO-PERSUASION,0.0,0
I have to head out ASAP,8-NO-PERSUASION,0.0,0
Okay! Move it then! Just received another request from the general *name* guy with a torally different pucture! Instead of a guy in uniform now its a couple in bed! I will report whoever this is!,8-NO-PERSUASION,0.0,0
Picture,8-NO-PERSUASION,0.0,0
Username is *username,8-NO-PERSUASION,0.0,0
One sec babe,8-NO-PERSUASION,0.0,0
So I can check it,8-NO-PERSUASION,0.0,0
"Ok, thanks",8-NO-PERSUASION,0.0,0
Babe I just report him also,8-NO-PERSUASION,0.0,0
Good,8-NO-PERSUASION,0.0,0
"He‚Äôs not real,block him",4-LOGIC,1.0,1
I already did,8-NO-PERSUASION,0.0,0
,8-NO-PERSUASION,0.0,0
And this is why I really don‚Äôt like texting on Instagram,4-LOGIC,1.0,1
Alright thanks honey,1-RAPPORT,0.0,0
I prefer texting on tho hangout,8-NO-PERSUASION,0.0,0
We can do Hangouts.,8-NO-PERSUASION,0.0,0
Alright I will text you as soon as I get back,3-EMOTION,0.0,0
"Bye, bye love. Bye bye happiness!",1-RAPPORT,0.0,0
And make sure you don‚Äôt fall for another man coming calming to be Mr *name* or anyone else,7-PRESSURE,0.0,0
Alright bye sweetheart,1-RAPPORT,0.0,0
Lol,8-NO-PERSUASION,0.0,0
"You the jealous possesive type, huh? I like that!",8-NO-PERSUASION,0.0,0
Ttyl,8-NO-PERSUASION,0.0,0
????,8-NO-PERSUASION,0.0,0
Not familiar with Ttyl,8-NO-PERSUASION,0.0,0
True to you love? Just guessing! pm,8-NO-PERSUASION,0.0,0
I‚Äôm back my queen,1-RAPPORT,0.0,0
It‚Äôs talk to you later,8-NO-PERSUASION,0.0,0
What do you mean by this babe,8-NO-PERSUASION,0.0,0
True to you love? Just guessing! ??,8-NO-PERSUASION,0.0,0
"Obviously I'm not familiar with some of the abbreviations you use, so I tried to guess",8-NO-PERSUASION,0.0,0
"So, did you get your job done?",8-NO-PERSUASION,0.0,0
,8-NO-PERSUASION,0.0,0
Alright babe whenever you don‚Äôt get any of my abbreviations just let me know,1-RAPPORT,0.0,0
Sure babe I fixed it up,1-RAPPORT,0.0,0
True to you love? Just guessing!,8-NO-PERSUASION,0.0,0
Dont laugh at me!!!,8-NO-PERSUASION,0.0,0
"We were talking about you being the jealous type, etc",8-NO-PERSUASION,0.0,0
Yes I‚Äôm a little bit a jealous type,1-RAPPORT,0.0,0
When's your birthday?,8-NO-PERSUASION,0.0,0
*birthday* babe you ?,1-RAPPORT,0.0,0
Does that mean you are Scorpio or Capricorn?,8-NO-PERSUASION,0.0,0
Mine *birthday* and I'm Aquarius.,8-NO-PERSUASION,0.0,0
Scorpion honey,8-NO-PERSUASION,0.0,0
Oh great,8-NO-PERSUASION,0.0,0
Did you have plans for your birthday yet?,1-RAPPORT,0.0,0
"Not that I believe in horoscopes, but i do believe more or less in General characteristics of Sun Signs",8-NO-PERSUASION,0.0,0
"No, no plans",8-NO-PERSUASION,0.0,0
But I know that Scorpion and Aquarious feel attracted to each other! Wow,8-NO-PERSUASION,0.0,0
Another sign honey,8-NO-PERSUASION,0.0,0
Do you have plans for your birthday?,8-NO-PERSUASION,0.0,0
Not sure yet babe,1-RAPPORT,0.0,0
When is *child‚Äôs name*'s B'day?,8-NO-PERSUASION,0.0,0
,8-NO-PERSUASION,0.0,0
Same month babe,1-RAPPORT,0.0,0
But she‚Äôs *date,8-NO-PERSUASION,0.0,0
*date*?,8-NO-PERSUASION,0.0,0
Yes babe,8-NO-PERSUASION,0.0,0
So you would want to visit with her for both your birthdays!,8-NO-PERSUASION,0.0,0
Can you arrange that or do you not get to choose when you can take a break,8-NO-PERSUASION,0.0,0
"That‚Äôs it babe I don‚Äôt get to chose my break ,I already used up my 4 exit card",1-RAPPORT,0.0,0
That must be hard for you.,8-NO-PERSUASION,0.0,0
But I‚Äôm done with the job once my my contract with them is over,8-NO-PERSUASION,0.0,0
It‚Äôs very hard on me,3-EMOTION,0.0,0
Very hard,3-EMOTION,0.0,0
"Yes, and if you keep busy time will fly!",8-NO-PERSUASION,0.0,0
Since when have you been with UN?,8-NO-PERSUASION,0.0,0
Forever or were you doing something else before?,8-NO-PERSUASION,0.0,0
I got promoted to the UN Military 6years ago honey for 7 years contract,5-AUTHORITY,0.0,0
I was with the *location* Military before I got redeployed,5-AUTHORITY,0.0,0
So tell me is *child‚Äôs name* in school? Preschool? First grade?,8-NO-PERSUASION,0.0,0
What school?,8-NO-PERSUASION,0.0,0
First grade babe,8-NO-PERSUASION,0.0,0
How is your week moving babe,1-RAPPORT,0.0,0
,8-NO-PERSUASION,0.0,0
Pretty much as usual,8-NO-PERSUASION,0.0,0
I'll be busy on the weekend,8-NO-PERSUASION,0.0,0
On Saturday my sister *name* who is a psychologist is presenting a book she so we are all going to that.,8-NO-PERSUASION,0.0,0
And we'll be celebrating postponed Mothers day and my niece's birthday,8-NO-PERSUASION,0.0,0
Yeah about your nieces birthday what are your plans,1-RAPPORT,0.0,0
And are you bringing the Gardner tomorrow?,1-RAPPORT,0.0,0
Tea at my sisters house,8-NO-PERSUASION,0.0,0
"No, he doesnt works",8-NO-PERSUASION,0.0,0
So no extra fun,8-NO-PERSUASION,0.0,0
After the tea,8-NO-PERSUASION,0.0,0
I will have to try and catch him...or do the job myself,8-NO-PERSUASION,0.0,0
"Well, my other nieces are both music teachers and my sister loves to sing, they all play instruments, so we usually end up with songs and dancing",8-NO-PERSUASION,0.0,0
I took dancing lessons all my life since I was 18..,8-NO-PERSUASION,0.0,0
Stopped for a few years after having *child‚Äôs name*... but took it up again later,8-NO-PERSUASION,0.0,0
Do you like dancing or do you have two left feet?,8-NO-PERSUASION,0.0,0
Really you love dancing,8-NO-PERSUASION,0.0,0
Yes I love dancing also,1-RAPPORT,0.0,0
Ok then! One more tick on the scoreboard!,8-NO-PERSUASION,0.0,0
"I thought you""d be more into sports",8-NO-PERSUASION,0.0,0
My sister *name* is a tennis fanatic! She still plays every day at age *number*!!!,8-NO-PERSUASION,0.0,0
,8-NO-PERSUASION,0.0,0
I once love playing basketball,1-RAPPORT,0.0,0
And running is another good sport I loved doing,8-NO-PERSUASION,0.0,0
I liked tennis but I hate the competitive spirit which spoiled the relationship between me and my sisters as we were growing up,8-NO-PERSUASION,0.0,0
My parents were also very sports minded,8-NO-PERSUASION,0.0,0
"I was the black sheep, tended towards more artistic activities after school",8-NO-PERSUASION,0.0,0
"Like painting,",8-NO-PERSUASION,0.0,0
Cool,1-RAPPORT,0.0,0
Nice to hear that,1-RAPPORT,0.0,0
Sculpture,8-NO-PERSUASION,0.0,0
Dance,8-NO-PERSUASION,0.0,0
Literature and Poetry etc.,8-NO-PERSUASION,0.0,0
You really had so much to explore while growing up,8-NO-PERSUASION,0.0,0
My parents used to drag me to the Club to watch field hockey games,8-NO-PERSUASION,0.0,0
Every weekend,8-NO-PERSUASION,0.0,0
So I sat in the car with a book,8-NO-PERSUASION,0.0,0
My mother and *name* were both selected to represent *location* in Int'l hockey championships,8-NO-PERSUASION,0.0,0
Are you serious,8-NO-PERSUASION,0.0,0
This is big,1-RAPPORT,0.0,0
Yes. My parents actually met at the *location* playing tennis.,8-NO-PERSUASION,0.0,0
They both worked for *company,8-NO-PERSUASION,0.0,0
,8-NO-PERSUASION,0.0,0
Oh that‚Äôs awesome honey,1-RAPPORT,0.0,0
So babe I thought about something,8-NO-PERSUASION,0.0,0
"So the Jealous part,I want us to henceforth text using the hangouts",8-NO-PERSUASION,0.0,0
I don‚Äôt want Instagrmen to steal you away from me honey,8-NO-PERSUASION,0.0,0
Ye of little faith!!!,8-NO-PERSUASION,0.0,0
But sure!,8-NO-PERSUASION,0.0,0
Hahaha,8-NO-PERSUASION,0.0,0
I should block all the followers that find me on Instagr,8-NO-PERSUASION,0.0,0
Its just time consuming!,8-NO-PERSUASION,0.0,0
Trust me I have much stronger faith than you do babe,8-NO-PERSUASION,0.0,0
Not that babe,8-NO-PERSUASION,0.0,0
That is too much,8-NO-PERSUASION,0.0,0
Which do you prefer,8-NO-PERSUASION,0.0,0
Here of hangouts,8-NO-PERSUASION,0.0,0
"Yes, I guess you do. But as you can see, I'm home alone on a Saturday night. And I spend hours talking to you",8-NO-PERSUASION,0.0,0
I still have a billion questions but dont want to bug you too much,8-NO-PERSUASION,0.0,0
Its the same to me. Pity you cant use WhatsApp. But sure lets do hangouts,8-NO-PERSUASION,0.0,0
Do you want to switch now or will you be getting ready for bed soon?,8-NO-PERSUASION,0.0,0
Let switch till tomorrow morning my love,2-NEGOTIATE,0.0,0
What time is it down there ??,1-RAPPORT,0.0,0
,8-NO-PERSUASION,0.0,0
Almost 11p.m,8-NO-PERSUASION,0.0,0
I‚Äôm getting prepared for bed down here,8-NO-PERSUASION,0.0,0
Oh it‚Äôs late honey,1-RAPPORT,0.0,0
You should get some rest,8-NO-PERSUASION,0.0,0
You have a big day tomorrow,1-RAPPORT,0.0,0
Okay. Just dont erase your Instagraccount until I save all the pictures you sent me.,8-NO-PERSUASION,0.0,0
Lol I won‚Äôt my love,8-NO-PERSUASION,0.0,0
Are you ready for bed now ?,8-NO-PERSUASION,0.0,0
Sort of...,8-NO-PERSUASION,0.0,0
May you end your day with happy thoughts and positive energy and look forward to a morning that is as wonderful as you.good night my queen,1-RAPPORT,0.0,0
Can you leave me messages on hangouts like you do here?,2-NEGOTIATE,0.0,0
"I will have a picture of you prints out,and place it close to my bed",1-RAPPORT,0.0,0
üõå so I can always see your smile when I sleep and wake up to see my queen,8-NO-PERSUASION,0.0,0
With that you will always give me good luck through out my day,8-NO-PERSUASION,0.0,0
You want me to send the message now ?,8-NO-PERSUASION,0.0,0
To your hangout?,8-NO-PERSUASION,0.0,0
Yes,8-NO-PERSUASION,0.0,0
I thought it wouldnt work unless I accepted the invitation to chat!,8-NO-PERSUASION,0.0,0
No it would work babe,8-NO-PERSUASION,0.0,0
I will send you a message now,8-NO-PERSUASION,0.0,0
,8-NO-PERSUASION,0.0,0
