id,text,label,Comments
99,"Hey, how's it going? I hope you're doing well.",8-NO-PERSUASION,
100,"I understand you might be busy, but could you spare some time to help me out?",1-RAPPORT,
101,"I'm really passionate about this cause, and I know you care about it too.",,
102,Participating in this event aligns with your values of giving back to the community.,6-SOCIAL,
103,"The organizers of this charity event have recognized me for my contributions, and they've asked me to invite you to join.",,
104,"Many people from our circle are already involved, and they're counting on us to participate.",6-SOCIAL,
105,It would mean a lot to me if you could join. I'm relying on your support.,3-EMOTION,
106,But it's totally up to you. No pressure at all.,1-RAPPORT,
107,"I'm really excited about this opportunity, and I think you'd enjoy it too.",1-RAPPORT,
108,"As someone who's been involved in similar events before, I can assure you it's a worthwhile experience.",1-RAPPORT,
109,Our friends have had amazing experiences participating in these charity runs.,6-SOCIAL,
110,"By participating, we can contribute to a cause we both care about while also improving our fitness.",3-EMOTION#4-LOGIC,
111,"I've already registered us both, so I hope you're on board!",1-RAPPORT,
112,"But of course, if you're not interested, that's okay too.",3-EMOTION,
113,Research shows that participating in charity events improves overall well-being.,1-RAPPORT,
114,Imagine the joy of crossing the finish line knowing you've made a difference.,4-LOGIC,
115,"Let's compromise. If you join me for the run, I'll help you with your project next week.",2-NEGOTIATE,
116,We can form a team and motivate each other throughout the training.,1-RAPPORT,
117,We've always supported each other's goals. Joining this event would mean a lot to me.,1-RAPPORT,
118,Experts in philanthropy recommend getting involved in community events like this.,5-AUTHORITY,
119,"Come on, don't miss out on this opportunity to do something meaningful.",1-RAPPORT,
120,"I feel deeply connected to this cause, and I believe you would too.",1-RAPPORT,
121,Participating in the charity run aligns with our shared values of compassion and generosity.,1-RAPPORT,
122,The local news interviewed me about the impact of this charity event. They're expecting a big turnout.,8-NO-PERSUASION,
123,Remember the great time we had at the last charity event? This one will be even better.,1-RAPPORT,
124,Let's find a way to make it work with your schedule. Can you spare just a couple of hours?,2-NEGOTIATE,
125,"I've already signed us up, so we're all set to go. Just say yes!",1-RAPPORT,
126,Our colleagues from work are forming a team. It'll be a great chance to bond outside the office.,1-RAPPORT,
127,Participating in the charity run is a win-win situation. We get to exercise while supporting a good cause.,1-RAPPORT,
128,Health experts recommend engaging in community events like this for both physical and mental well-being.,5-AUTHORITY,
129,Our friends from the running club are all joining. It'll be a fun group activity!,6-SOCIAL,
130,Think about the smiles we'll bring to people's faces by contributing to charity.,3-EMOTION,
131,"Let's make a deal. If you come with me, I'll treat you to dinner afterwards.",2-NEGOTIATE,
132,I know you've been wanting to get more involved in community activities. This is a perfect opportunity.,1-RAPPORT,
133,Don't miss out on this chance to make a real difference in people's lives.,,
134,The mayor's office endorsed this charity run as an important community event.,,
135,"I'm really passionate about helping those in need, and I know you are too.",,
136,Participating in the run is a practical way to support the cause and stay healthy.,,
137,We've always had each other's backs. Let's do this together.,,
138,Our neighbors are forming a team. It'll be a great chance to strengthen our community bonds.,,
139,"I understand you're busy, but even if you can spare just a little time, it would mean a lot.",,
140,I've already told everyone you're joining us. It would be awkward if you backed out now.,,
141,Participating in the charity run is a tangible way to make a positive impact in our community.,,
142,The organizers of the event have been recognized by national media for their outstanding contributions.,,
143,Our family members are all participating. It'll be a memorable experience for everyone.,,
144,Just imagine the sense of accomplishment we'll feel as we cross the finish line together.,,
145,We've always supported each other's goals. Let's continue that tradition with this event.,,
146,"I know your schedule is tight, but even if you can make it for part of the event, it would be great.",,
147,I've already registered you as my running buddy. Don't let me down!,,
148,All our friends are participating in the charity run. It's going to be a blast!,,
149,Taking part in this event is a practical way to contribute to a cause we both care about.,,
150,"Hey, how's it going? I hope you're doing well.",,
151,"I understand you might be busy, but could you spare some time to help me out?",,
152,"I'm really passionate about this cause, and I know you care about it too.",,
153,Participating in this event aligns with your values of giving back to the community.,,
154,"The organizers of this charity event have recognized me for my contributions, and they've asked me to invite you to join.",,
155,"Many people from our circle are already involved, and they're counting on us to participate.",,
156,It would mean a lot to me if you could join. I'm relying on your support.,,
157,But it's totally up to you. No pressure at all.,,
158,"I'm really excited about this opportunity, and I think you'd enjoy it too.",,
159,"As someone who's been involved in similar events before, I can assure you it's a worthwhile experience.",,
160,Our friends have had amazing experiences participating in these charity runs.,,
161,"By participating, we can contribute to a cause we both care about while also improving our fitness.",,
162,"I've already registered us both, so I hope you're on board!",,
163,"But of course, if you're not interested, that's okay too.",,
164,Research shows that participating in charity events improves overall well-being.,,
165,Imagine the joy of crossing the finish line knowing you've made a difference.,,
166,"Let's compromise. If you join me for the run, I'll help you with your project next week.",,
167,We can form a team and motivate each other throughout the training.,,
168,We've always supported each other's goals. Joining this event would mean a lot to me.,,
169,Experts in philanthropy recommend getting involved in community events like this.,,
170,"Come on, don't miss out on this opportunity to do something meaningful.",,
171,"I feel deeply connected to this cause, and I believe you would too.",,
172,Participating in the charity run aligns with our shared values of compassion and generosity.,,
173,The local news interviewed me about the impact of this charity event. They're expecting a big turnout.,,
174,Remember the great time we had at the last charity event? This one will be even better.,,
175,Let's find a way to make it work with your schedule. Can you spare just a couple of hours?,,
176,"I've already signed us up, so we're all set to go. Just say yes!",,
177,Our colleagues from work are forming a team. It'll be a great chance to bond outside the office.,,
178,Participating in the charity run is a win-win situation. We get to exercise while supporting a good cause.,,
179,Health experts recommend engaging in community events like this for both physical and mental well-being.,,
180,Our friends from the running club are all joining. It'll be a fun group activity!,,
181,Think about the smiles we'll bring to people's faces by contributing to charity.,,
182,"Let's make a deal. If you come with me, I'll treat you to dinner afterwards.",,
183,I know you've been wanting to get more involved in community activities. This is a perfect opportunity.,,
184,Don't miss out on this chance to make a real difference in people's lives.,,
185,The mayor's office endorsed this charity run as an important community event.,,
186,"I'm really passionate about helping those in need, and I know you are too.",,
187,Participating in the run is a practical way to support the cause and stay healthy.,,
188,We've always had each other's backs. Let's do this together.,,
189,Our neighbors are forming a team. It'll be a great chance to strengthen our community bonds.,,
190,"I understand you're busy, but even if you can spare just a little time, it would mean a lot.",,
191,I've already told everyone you're joining us. It would be awkward if you backed out now.,,
192,Participating in the charity run is a tangible way to make a positive impact in our community.,,
193,The organizers of the event have been recognized by national media for their outstanding contributions.,,
194,Our family members are all participating. It'll be a memorable experience for everyone.,,
195,Just imagine the sense of accomplishment we'll feel as we cross the finish line together.,,
196,We've always supported each other's goals. Let's continue that tradition with this event.,,
197,"I know your schedule is tight, but even if you can make it for part of the event, it would be great.",,
198,I've already registered you as my running buddy. Don't let me down!,,
199,All our friends are participating in the charity run. It's going to be a blast!,,
200,Taking part in this event is a practical way to contribute to a cause we both care about.,,
201,I can't wait to experience the sense of fulfillment that comes with helping others.,,
202,We've always supported each other's endeavors. Let's make this one count too.,,
203,"I know your schedule is tight, but can you carve out a few hours for this?",,
204,The charity organization behind this event has a stellar reputation for making a difference.,,
205,I've already bought us matching running gear. You can't say no now!,,
206,"I'm really passionate about this cause, and I know you are too.",,
207,Participating in the charity run is a practical way to make a positive impact.,,
208,Our coworkers are forming teams. It'll be a great chance to bond outside of work.,,
209,The charity run has been endorsed by influential figures in the community.,,
210,Let's figure out a way to fit it into your schedule. Can you spare just a couple of hours?,,
211,We've always supported each other in our endeavors. Let's continue that tradition with this event.,,
212,"Hey, how's it going? I hope you're doing well.",,
213,"I understand you might be busy, but could you spare some time to help me out?",,
214,"I'm really passionate about this cause, and I know you care about it too.",,
215,Participating in this event aligns with your values of giving back to the community.,,
216,"The organizers of this charity event have recognized me for my contributions, and they've asked me to invite you to join.",,
217,"Many people from our circle are already involved, and they're counting on us to participate.",,
218,It would mean a lot to me if you could join. I'm relying on your support.,,
219,But it's totally up to you. No pressure at all.,,
220,"I'm really excited about this opportunity, and I think you'd enjoy it too.",,
221,"As someone who's been involved in similar events before, I can assure you it's a worthwhile experience.",,
222,Our friends have had amazing experiences participating in these charity runs.,,
223,"By participating, we can contribute to a cause we both care about while also improving our fitness.",,
224,"I've already registered us both, so I hope you're on board!",,
225,"But of course, if you're not interested, that's okay too.",,
226,Research shows that participating in charity events improves overall well-being.,,
227,Imagine the joy of crossing the finish line knowing you've made a difference.,,
228,"Let's compromise. If you join me for the run, I'll help you with your project next week.",,
229,We can form a team and motivate each other throughout the training.,,
230,We've always supported each other's goals. Joining this event would mean a lot to me.,,
231,Experts in philanthropy recommend getting involved in community events like this.,,
232,"Come on, don't miss out on this opportunity to do something meaningful.",,
233,"I feel deeply connected to this cause, and I believe you would too.",,
234,Participating in the charity run aligns with our shared values of compassion and generosity.,,
235,The local news interviewed me about the impact of this charity event. They're expecting a big turnout.,,
236,Remember the great time we had at the last charity event? This one will be even better.,,
237,Let's find a way to make it work with your schedule. Can you spare just a couple of hours?,,
238,"I've already signed us up, so we're all set to go. Just say yes!",,
239,Our colleagues from work are forming a team. It'll be a great chance to bond outside the office.,,
240,Participating in the charity run is a win-win situation. We get to exercise while supporting a good cause.,,
241,Health experts recommend engaging in community events like this for both physical and mental well-being.,,
242,Our friends from the running club are all joining. It'll be a fun group activity!,,
243,Think about the smiles we'll bring to people's faces by contributing to charity.,,
244,"Let's make a deal. If you come with me, I'll treat you to dinner afterwards.",,
245,I know you've been wanting to get more involved in community activities. This is a perfect opportunity.,,
246,Don't miss out on this chance to make a real difference in people's lives.,,
247,The mayor's office endorsed this charity run as an important community event.,,
248,"I'm really passionate about helping those in need, and I know you are too.",,
249,Participating in the run is a practical way to support the cause and stay healthy.,,
250,We've always had each other's backs. Let's do this together.,,
251,Our neighbors are forming a team. It'll be a great chance to strengthen our community bonds.,,
252,"I understand you're busy, but even if you can spare just a little time, it would mean a lot.",,
253,I've already told everyone you're joining us. It would be awkward if you backed out now.,,
254,Participating in the charity run is a tangible way to make a positive impact in our community.,,
255,The organizers of the event have been recognized by national media for their outstanding contributions.,,
256,Our family members are all participating. It'll be a memorable experience for everyone.,,
257,Just imagine the sense of accomplishment we'll feel as we cross the finish line together.,,
258,We've always supported each other's goals. Let's continue that tradition with this event.,,
259,"I know your schedule is tight, but even if you can make it for part of the event, it would be great.",,
260,I've already registered you as my running buddy. Don't let me down!,,
261,All our friends are participating in the charity run. It's going to be a blast!,,
262,Taking part in this event is a practical way to contribute to a cause we both care about.,,
